row_id	case_id	regime	local_date	latitude_deg	longitude_deg	offset_minutes_east	profile	asr_criterion	shadow_factor	source_id	source_url	source_hash	source_retrieval_utc	variant	changed_component	declination_epoch	declination_deg	target_altitude_deg	root_or_hour_angle	raw_utc_reported	raw_utc_exact_fractional	quantization_exact_minus_reported_s	salah_reference_unrounded_utc	signed_salah_unrounded_minus_reported_s	signed_salah_unrounded_minus_exact_s	row_kind	limitation
asr-msp-std-salah-observed	minneapolis-autumn	ordinary	2026-09-27	44.9778	-93.265	-300	mwl-angles-18-17	Standard	1	salah-core-0.3.0-NOAA-MEEUS-SOLAR-2	not_applicable:audited-implementation-in-this-repository	not_applicable:local-source-tree-tested-offline-no-third-party-hash	2026-09-28	observed-baseline	not_applicable:baseline-no-substitution	salah-upper-transit	-1.8478	25.8299	bisection-falling-crossing-50-iterations-plus-80-step-golden-section-extremum-check-unrounded-below	2026-09-27T21:21:56Z	2026-09-27T21:21:55.817Z	-0.183	2026-09-27T21:21:55.817Z	-0.183	+0.000	measurement	salah-transit-iteration-residual-not-exposed-by-API-marked-unknown-in-report;rounding-is-nearest-second-with-raw-f64-preserved
asr-msp-std-adhan-observed	minneapolis-autumn	ordinary	2026-09-27	44.9778	-93.265	-300	mwl-angles-18-17	Standard	1	adhan-npm-4.4.6	https://www.npmjs.com/package/adhan/v/4.4.6	tarball-sha512:cpLLcr6qxx+mLc6jgSXJwAAHxDFrhXhVLuzRbZPrpQKIEpJw+0LcfG6u9WEjq66kcTX/2sCkI3VztgRoUXBnFg==|package.json-sha256:cde0971d595046294f0090cc12ee19566bda96083a5acf6071e4b45ff2496de6|cjs-sorted-sha256:b8825c79bec06c175956761425fc9c3d9326a95b9b341298d6c15fdccef1e6b7	2026-09-28	observed-baseline	not_applicable:baseline-no-substitution	adhan-input-date-00-00-UTC-julianDay-at-0h	-1.5548	25.9486	correctedHourAngle-fractional-hours-21.348025-with-meeus-interpolated-decl-single-dm-correction	2026-09-27T21:20:52.000Z	2026-09-27T21:20:52.891Z	+0.891	2026-09-27T21:21:55.817Z	+63.817	+62.926	measurement	TimeComponents-floors-to-integer-second-and-Rounding.None-adds-zero-so-reported-is-truncation-of-exact;declination-at-root-epoch-inside-correctedHourAngle-not-returned-by-API
asr-msp-std-praytimes-observed	minneapolis-autumn	ordinary	2026-09-27	44.9778	-93.265	-300	mwl-angles-18-17	Standard	1	praytimes-js-2.5	https://praytimes.org/code/v2/js/PrayTimes.js	sha256:f0e8442410446b1bf2db613bdebd3aa3aef5cdf5483068fbd9212d5acaa180fd	2026-09-28	observed-baseline	not_applicable:baseline-no-substitution	praytimes-event-proximate-jDate-plus-finalAsr-over-24-single-iteration-from-seed-13h	-1.9184	25.8013	closed-form-arccos-sunAngleTime-local-float-hours-16.369606-USNO-approx-ephemeris-numIterations-1	2026-09-27T21:22:10.583Z	2026-09-27T21:22:10.583Z	+0.000	2026-09-27T21:21:55.817Z	-14.766	-14.766	measurement	Float-hours-to-UTC-ms-no-second-quantization;seed-epoch-declination--1.8638-versus-final--1.9184-shows-single-pass-update;internal-dayPortion-values-not-logged
asr-msp-std-adhan-transit-target	minneapolis-autumn	ordinary	2026-09-27	44.9778	-93.265	-300	mwl-angles-18-17	Standard	1	adhan-npm-4.4.6	https://www.npmjs.com/package/adhan/v/4.4.6	tarball-sha512:cpLLcr6qxx+mLc6jgSXJwAAHxDFrhXhVLuzRbZPrpQKIEpJw+0LcfG6u9WEjq66kcTX/2sCkI3VztgRoUXBnFg==|package.json-sha256:cde0971d595046294f0090cc12ee19566bda96083a5acf6071e4b45ff2496de6|cjs-sorted-sha256:b8825c79bec06c175956761425fc9c3d9326a95b9b341298d6c15fdccef1e6b7	2026-09-28	counterfactual-adhan-shadow-target-at-transit-declination	shadow-target-declination-epoch-00-00-UTC-to-transit-only;adhan-correctedHourAngle-root-unchanged	transit-epoch-adhan-interpolated-m-equals-transit-over-24	-1.8478	25.8299	correctedHourAngle-fractional-hours-21.361307-with-meeus-interpolated-decl-single-dm-correction	2026-09-27T21:21:40.000Z	2026-09-27T21:21:40.705Z	+0.705	2026-09-27T21:21:55.817Z	+15.817	+15.112	computation	C1-target-altitude-equals-salah-target-to-4dp-so-this-row-is-also-the-fixed-target-control;exact-fractional-shift-and-residual-in-report;floored-Date-convention-kept-for-test-comparability
asr-msp-std-praytimes-target-analysis	minneapolis-autumn	ordinary	2026-09-27	44.9778	-93.265	-300	mwl-angles-18-17	Standard	1	praytimes-js-2.5	https://praytimes.org/code/v2/js/PrayTimes.js	sha256:f0e8442410446b1bf2db613bdebd3aa3aef5cdf5483068fbd9212d5acaa180fd	2026-09-28	hypothetical-praytimes-target-at-transit-declination	not_applicable:analysis-only-no-source-code-substitution	salah-upper-transit-hypothetical-for-praytimes-target	-1.8478	25.8299	closed-form-arccos-sunAngleTime-local-float-hours-16.369606-analysis-only-same-instant-as-observed-row	2026-09-27T21:22:10.583Z	2026-09-27T21:22:10.583Z	+0.000	2026-09-27T21:21:55.817Z	-14.766	-14.766	hypothesis	slope-based-target-term-vs-ephemeris-split-in-report-is-hypothesis-transferring-salah-local-slope;native-target-25.8013-vs-transit-target-25.8299;no-praytimes-code-change-performed
asr-msp-han-salah-observed	minneapolis-autumn	ordinary	2026-09-27	44.9778	-93.265	-300	mwl-angles-18-17	Hanafi	2	salah-core-0.3.0-NOAA-MEEUS-SOLAR-2	not_applicable:audited-implementation-in-this-repository	not_applicable:local-source-tree-tested-offline-no-third-party-hash	2026-09-28	observed-baseline	not_applicable:baseline-no-substitution	salah-upper-transit	-1.8478	18.0650	bisection-falling-crossing-50-iterations-plus-80-step-golden-section-extremum-check-unrounded-below	2026-09-27T22:11:15Z	2026-09-27T22:11:15.361Z	+0.361	2026-09-27T22:11:15.361Z	+0.361	+0.000	measurement	salah-transit-iteration-residual-not-exposed-by-API-marked-unknown-in-report;rounding-is-nearest-second-with-raw-f64-preserved
asr-msp-han-adhan-observed	minneapolis-autumn	ordinary	2026-09-27	44.9778	-93.265	-300	mwl-angles-18-17	Hanafi	2	adhan-npm-4.4.6	https://www.npmjs.com/package/adhan/v/4.4.6	tarball-sha512:cpLLcr6qxx+mLc6jgSXJwAAHxDFrhXhVLuzRbZPrpQKIEpJw+0LcfG6u9WEjq66kcTX/2sCkI3VztgRoUXBnFg==|package.json-sha256:cde0971d595046294f0090cc12ee19566bda96083a5acf6071e4b45ff2496de6|cjs-sorted-sha256:b8825c79bec06c175956761425fc9c3d9326a95b9b341298d6c15fdccef1e6b7	2026-09-28	observed-baseline	not_applicable:baseline-no-substitution	adhan-input-date-00-00-UTC-julianDay-at-0h	-1.5548	18.1250	correctedHourAngle-fractional-hours-22.179490-with-meeus-interpolated-decl-single-dm-correction	2026-09-27T22:10:46.000Z	2026-09-27T22:10:46.165Z	+0.165	2026-09-27T22:11:15.361Z	+29.361	+29.196	measurement	TimeComponents-floors-to-integer-second-and-Rounding.None-adds-zero-so-reported-is-truncation-of-exact;declination-at-root-epoch-inside-correctedHourAngle-not-returned-by-API
asr-msp-han-praytimes-observed	minneapolis-autumn	ordinary	2026-09-27	44.9778	-93.265	-300	mwl-angles-18-17	Hanafi	2	praytimes-js-2.5	https://praytimes.org/code/v2/js/PrayTimes.js	sha256:f0e8442410446b1bf2db613bdebd3aa3aef5cdf5483068fbd9212d5acaa180fd	2026-09-28	observed-baseline	not_applicable:baseline-no-substitution	praytimes-event-proximate-jDate-plus-finalAsr-over-24-single-iteration-from-seed-13h	-1.9318	18.0477	closed-form-arccos-sunAngleTime-local-float-hours-17.192051-USNO-approx-ephemeris-numIterations-1	2026-09-27T22:11:31.384Z	2026-09-27T22:11:31.384Z	+0.000	2026-09-27T22:11:15.361Z	-16.023	-16.023	measurement	Float-hours-to-UTC-ms-no-second-quantization;seed-epoch-declination--1.8638-versus-final--1.9318-shows-single-pass-update;internal-dayPortion-values-not-logged
asr-msp-han-adhan-transit-target	minneapolis-autumn	ordinary	2026-09-27	44.9778	-93.265	-300	mwl-angles-18-17	Hanafi	2	adhan-npm-4.4.6	https://www.npmjs.com/package/adhan/v/4.4.6	tarball-sha512:cpLLcr6qxx+mLc6jgSXJwAAHxDFrhXhVLuzRbZPrpQKIEpJw+0LcfG6u9WEjq66kcTX/2sCkI3VztgRoUXBnFg==|package.json-sha256:cde0971d595046294f0090cc12ee19566bda96083a5acf6071e4b45ff2496de6|cjs-sorted-sha256:b8825c79bec06c175956761425fc9c3d9326a95b9b341298d6c15fdccef1e6b7	2026-09-28	counterfactual-adhan-shadow-target-at-transit-declination	shadow-target-declination-epoch-00-00-UTC-to-transit-only;adhan-correctedHourAngle-root-unchanged	transit-epoch-adhan-interpolated-m-equals-transit-over-24	-1.8478	18.0650	correctedHourAngle-fractional-hours-22.185601-with-meeus-interpolated-decl-single-dm-correction	2026-09-27T22:11:08.000Z	2026-09-27T22:11:08.163Z	+0.163	2026-09-27T22:11:15.361Z	+7.361	+7.198	computation	C1-target-altitude-equals-salah-target-to-4dp-so-this-row-is-also-the-fixed-target-control;exact-fractional-shift-and-residual-in-report;floored-Date-convention-kept-for-test-comparability
asr-msp-han-praytimes-target-analysis	minneapolis-autumn	ordinary	2026-09-27	44.9778	-93.265	-300	mwl-angles-18-17	Hanafi	2	praytimes-js-2.5	https://praytimes.org/code/v2/js/PrayTimes.js	sha256:f0e8442410446b1bf2db613bdebd3aa3aef5cdf5483068fbd9212d5acaa180fd	2026-09-28	hypothetical-praytimes-target-at-transit-declination	not_applicable:analysis-only-no-source-code-substitution	salah-upper-transit-hypothetical-for-praytimes-target	-1.8478	18.0650	closed-form-arccos-sunAngleTime-local-float-hours-17.192051-analysis-only-same-instant-as-observed-row	2026-09-27T22:11:31.384Z	2026-09-27T22:11:31.384Z	+0.000	2026-09-27T22:11:15.361Z	-16.023	-16.023	hypothesis	slope-based-target-term-vs-ephemeris-split-in-report-is-hypothesis-transferring-salah-local-slope;native-target-18.0477-vs-transit-target-18.0650;no-praytimes-code-change-performed
asr-mak-std-salah-observed	makkah-equinox	ordinary	2026-03-20	21.4225	39.8262	180	mwl-angles-18-17	Standard	1	salah-core-0.3.0-NOAA-MEEUS-SOLAR-2	not_applicable:audited-implementation-in-this-repository	not_applicable:local-source-tree-tested-offline-no-third-party-hash	2026-09-28	observed-baseline	not_applicable:baseline-no-substitution	salah-upper-transit	-0.0850	35.6530	bisection-falling-crossing-50-iterations-plus-80-step-golden-section-extremum-check-unrounded-below	2026-03-20T12:53:00Z	2026-03-20T12:52:59.884Z	-0.116	2026-03-20T12:52:59.884Z	-0.116	+0.000	measurement	salah-transit-iteration-residual-not-exposed-by-API-marked-unknown-in-report;rounding-is-nearest-second-with-raw-f64-preserved
asr-mak-std-adhan-observed	makkah-equinox	ordinary	2026-03-20	21.4225	39.8262	180	mwl-angles-18-17	Standard	1	adhan-npm-4.4.6	https://www.npmjs.com/package/adhan/v/4.4.6	tarball-sha512:cpLLcr6qxx+mLc6jgSXJwAAHxDFrhXhVLuzRbZPrpQKIEpJw+0LcfG6u9WEjq66kcTX/2sCkI3VztgRoUXBnFg==|package.json-sha256:cde0971d595046294f0090cc12ee19566bda96083a5acf6071e4b45ff2496de6|cjs-sorted-sha256:b8825c79bec06c175956761425fc9c3d9326a95b9b341298d6c15fdccef1e6b7	2026-09-28	observed-baseline	not_applicable:baseline-no-substitution	adhan-input-date-00-00-UTC-julianDay-at-0h	-0.2410	35.5918	correctedHourAngle-fractional-hours-12.889316-with-meeus-interpolated-decl-single-dm-correction	2026-03-20T12:53:21.000Z	2026-03-20T12:53:21.538Z	+0.538	2026-03-20T12:52:59.884Z	-21.116	-21.654	measurement	TimeComponents-floors-to-integer-second-and-Rounding.None-adds-zero-so-reported-is-truncation-of-exact;declination-at-root-epoch-inside-correctedHourAngle-not-returned-by-API
asr-mak-std-praytimes-observed	makkah-equinox	ordinary	2026-03-20	21.4225	39.8262	180	mwl-angles-18-17	Standard	1	praytimes-js-2.5	https://praytimes.org/code/v2/js/PrayTimes.js	sha256:f0e8442410446b1bf2db613bdebd3aa3aef5cdf5483068fbd9212d5acaa180fd	2026-09-28	observed-baseline	not_applicable:baseline-no-substitution	praytimes-event-proximate-jDate-plus-finalAsr-over-24-single-iteration-from-seed-13h	-0.0238	35.6770	closed-form-arccos-sunAngleTime-local-float-hours-15.882511-USNO-approx-ephemeris-numIterations-1	2026-03-20T12:52:57.038Z	2026-03-20T12:52:57.038Z	+0.000	2026-03-20T12:52:59.884Z	+2.846	+2.846	measurement	Float-hours-to-UTC-ms-no-second-quantization;seed-epoch-declination--0.0713-versus-final--0.0238-shows-single-pass-update;internal-dayPortion-values-not-logged
asr-mak-std-adhan-transit-target	makkah-equinox	ordinary	2026-03-20	21.4225	39.8262	180	mwl-angles-18-17	Standard	1	adhan-npm-4.4.6	https://www.npmjs.com/package/adhan/v/4.4.6	tarball-sha512:cpLLcr6qxx+mLc6jgSXJwAAHxDFrhXhVLuzRbZPrpQKIEpJw+0LcfG6u9WEjq66kcTX/2sCkI3VztgRoUXBnFg==|package.json-sha256:cde0971d595046294f0090cc12ee19566bda96083a5acf6071e4b45ff2496de6|cjs-sorted-sha256:b8825c79bec06c175956761425fc9c3d9326a95b9b341298d6c15fdccef1e6b7	2026-09-28	counterfactual-adhan-shadow-target-at-transit-declination	shadow-target-declination-epoch-00-00-UTC-to-transit-only;adhan-correctedHourAngle-root-unchanged	transit-epoch-adhan-interpolated-m-equals-transit-over-24	-0.0850	35.6530	correctedHourAngle-fractional-hours-12.884752-with-meeus-interpolated-decl-single-dm-correction	2026-03-20T12:53:05.000Z	2026-03-20T12:53:05.108Z	+0.108	2026-03-20T12:52:59.884Z	-5.116	-5.224	computation	C1-target-altitude-equals-salah-target-to-4dp-so-this-row-is-also-the-fixed-target-control;exact-fractional-shift-and-residual-in-report;floored-Date-convention-kept-for-test-comparability
asr-mak-std-praytimes-target-analysis	makkah-equinox	ordinary	2026-03-20	21.4225	39.8262	180	mwl-angles-18-17	Standard	1	praytimes-js-2.5	https://praytimes.org/code/v2/js/PrayTimes.js	sha256:f0e8442410446b1bf2db613bdebd3aa3aef5cdf5483068fbd9212d5acaa180fd	2026-09-28	hypothetical-praytimes-target-at-transit-declination	not_applicable:analysis-only-no-source-code-substitution	salah-upper-transit-hypothetical-for-praytimes-target	-0.0850	35.6530	closed-form-arccos-sunAngleTime-local-float-hours-15.882511-analysis-only-same-instant-as-observed-row	2026-03-20T12:52:57.038Z	2026-03-20T12:52:57.038Z	+0.000	2026-03-20T12:52:59.884Z	+2.846	+2.846	hypothesis	slope-based-target-term-vs-ephemeris-split-in-report-is-hypothesis-transferring-salah-local-slope;native-target-35.6770-vs-transit-target-35.6530;no-praytimes-code-change-performed
asr-mak-han-salah-observed	makkah-equinox	ordinary	2026-03-20	21.4225	39.8262	180	mwl-angles-18-17	Hanafi	2	salah-core-0.3.0-NOAA-MEEUS-SOLAR-2	not_applicable:audited-implementation-in-this-repository	not_applicable:local-source-tree-tested-offline-no-third-party-hash	2026-09-28	observed-baseline	not_applicable:baseline-no-substitution	salah-upper-transit	-0.0850	22.6703	bisection-falling-crossing-50-iterations-plus-80-step-golden-section-extremum-check-unrounded-below	2026-03-20T13:50:15Z	2026-03-20T13:50:14.968Z	-0.032	2026-03-20T13:50:14.968Z	-0.032	+0.000	measurement	salah-transit-iteration-residual-not-exposed-by-API-marked-unknown-in-report;rounding-is-nearest-second-with-raw-f64-preserved
asr-mak-han-adhan-observed	makkah-equinox	ordinary	2026-03-20	21.4225	39.8262	180	mwl-angles-18-17	Hanafi	2	adhan-npm-4.4.6	https://www.npmjs.com/package/adhan/v/4.4.6	tarball-sha512:cpLLcr6qxx+mLc6jgSXJwAAHxDFrhXhVLuzRbZPrpQKIEpJw+0LcfG6u9WEjq66kcTX/2sCkI3VztgRoUXBnFg==|package.json-sha256:cde0971d595046294f0090cc12ee19566bda96083a5acf6071e4b45ff2496de6|cjs-sorted-sha256:b8825c79bec06c175956761425fc9c3d9326a95b9b341298d6c15fdccef1e6b7	2026-09-28	observed-baseline	not_applicable:baseline-no-substitution	adhan-input-date-00-00-UTC-julianDay-at-0h	-0.2410	22.6435	correctedHourAngle-fractional-hours-13.840155-with-meeus-interpolated-decl-single-dm-correction	2026-03-20T13:50:24.000Z	2026-03-20T13:50:24.557Z	+0.557	2026-03-20T13:50:14.968Z	-9.032	-9.589	measurement	TimeComponents-floors-to-integer-second-and-Rounding.None-adds-zero-so-reported-is-truncation-of-exact;declination-at-root-epoch-inside-correctedHourAngle-not-returned-by-API
asr-mak-han-praytimes-observed	makkah-equinox	ordinary	2026-03-20	21.4225	39.8262	180	mwl-angles-18-17	Hanafi	2	praytimes-js-2.5	https://praytimes.org/code/v2/js/PrayTimes.js	sha256:f0e8442410446b1bf2db613bdebd3aa3aef5cdf5483068fbd9212d5acaa180fd	2026-09-28	observed-baseline	not_applicable:baseline-no-substitution	praytimes-event-proximate-jDate-plus-finalAsr-over-24-single-iteration-from-seed-13h	-0.0081	22.6835	closed-form-arccos-sunAngleTime-local-float-hours-16.836882-USNO-approx-ephemeris-numIterations-1	2026-03-20T13:50:12.775Z	2026-03-20T13:50:12.775Z	+0.000	2026-03-20T13:50:14.968Z	+2.193	+2.193	measurement	Float-hours-to-UTC-ms-no-second-quantization;seed-epoch-declination--0.0713-versus-final--0.0081-shows-single-pass-update;internal-dayPortion-values-not-logged
asr-mak-han-adhan-transit-target	makkah-equinox	ordinary	2026-03-20	21.4225	39.8262	180	mwl-angles-18-17	Hanafi	2	adhan-npm-4.4.6	https://www.npmjs.com/package/adhan/v/4.4.6	tarball-sha512:cpLLcr6qxx+mLc6jgSXJwAAHxDFrhXhVLuzRbZPrpQKIEpJw+0LcfG6u9WEjq66kcTX/2sCkI3VztgRoUXBnFg==|package.json-sha256:cde0971d595046294f0090cc12ee19566bda96083a5acf6071e4b45ff2496de6|cjs-sorted-sha256:b8825c79bec06c175956761425fc9c3d9326a95b9b341298d6c15fdccef1e6b7	2026-09-28	counterfactual-adhan-shadow-target-at-transit-declination	shadow-target-declination-epoch-00-00-UTC-to-transit-only;adhan-correctedHourAngle-root-unchanged	transit-epoch-adhan-interpolated-m-equals-transit-over-24	-0.0850	22.6703	correctedHourAngle-fractional-hours-13.838212-with-meeus-interpolated-decl-single-dm-correction	2026-03-20T13:50:17.000Z	2026-03-20T13:50:17.562Z	+0.562	2026-03-20T13:50:14.968Z	-2.032	-2.594	computation	C1-target-altitude-equals-salah-target-to-4dp-so-this-row-is-also-the-fixed-target-control;exact-fractional-shift-and-residual-in-report;floored-Date-convention-kept-for-test-comparability
asr-mak-han-praytimes-target-analysis	makkah-equinox	ordinary	2026-03-20	21.4225	39.8262	180	mwl-angles-18-17	Hanafi	2	praytimes-js-2.5	https://praytimes.org/code/v2/js/PrayTimes.js	sha256:f0e8442410446b1bf2db613bdebd3aa3aef5cdf5483068fbd9212d5acaa180fd	2026-09-28	hypothetical-praytimes-target-at-transit-declination	not_applicable:analysis-only-no-source-code-substitution	salah-upper-transit-hypothetical-for-praytimes-target	-0.0850	22.6703	closed-form-arccos-sunAngleTime-local-float-hours-16.836882-analysis-only-same-instant-as-observed-row	2026-03-20T13:50:12.775Z	2026-03-20T13:50:12.775Z	+0.000	2026-03-20T13:50:14.968Z	+2.193	+2.193	hypothesis	slope-based-target-term-vs-ephemeris-split-in-report-is-hypothesis-transferring-salah-local-slope;native-target-22.6835-vs-transit-target-22.6703;no-praytimes-code-change-performed
asr-ct-std-salah-observed	cape-town-solstice	ordinary	2026-12-21	-33.9249	18.4241	120	mwl-angles-18-17	Standard	1	salah-core-0.3.0-NOAA-MEEUS-SOLAR-2	not_applicable:audited-implementation-in-this-repository	not_applicable:local-source-tree-tested-offline-no-third-party-hash	2026-09-28	observed-baseline	not_applicable:baseline-no-substitution	salah-upper-transit	-23.4371	40.1576	bisection-falling-crossing-50-iterations-plus-80-step-golden-section-extremum-check-unrounded-below	2026-12-21T14:29:27Z	2026-12-21T14:29:27.109Z	+0.109	2026-12-21T14:29:27.109Z	+0.109	+0.000	measurement	salah-transit-iteration-residual-not-exposed-by-API-marked-unknown-in-report;rounding-is-nearest-second-with-raw-f64-preserved
asr-ct-std-adhan-observed	cape-town-solstice	ordinary	2026-12-21	-33.9249	18.4241	120	mwl-angles-18-17	Standard	1	adhan-npm-4.4.6	https://www.npmjs.com/package/adhan/v/4.4.6	tarball-sha512:cpLLcr6qxx+mLc6jgSXJwAAHxDFrhXhVLuzRbZPrpQKIEpJw+0LcfG6u9WEjq66kcTX/2sCkI3VztgRoUXBnFg==|package.json-sha256:cde0971d595046294f0090cc12ee19566bda96083a5acf6071e4b45ff2496de6|cjs-sorted-sha256:b8825c79bec06c175956761425fc9c3d9326a95b9b341298d6c15fdccef1e6b7	2026-09-28	observed-baseline	not_applicable:baseline-no-substitution	adhan-input-date-00-00-UTC-julianDay-at-0h	-23.4349	40.1566	correctedHourAngle-fractional-hours-14.492350-with-meeus-interpolated-decl-single-dm-correction	2026-12-21T14:29:32.000Z	2026-12-21T14:29:32.461Z	+0.461	2026-12-21T14:29:27.109Z	-4.891	-5.352	measurement	TimeComponents-floors-to-integer-second-and-Rounding.None-adds-zero-so-reported-is-truncation-of-exact;declination-at-root-epoch-inside-correctedHourAngle-not-returned-by-API
asr-ct-std-praytimes-observed	cape-town-solstice	ordinary	2026-12-21	-33.9249	18.4241	120	mwl-angles-18-17	Standard	1	praytimes-js-2.5	https://praytimes.org/code/v2/js/PrayTimes.js	sha256:f0e8442410446b1bf2db613bdebd3aa3aef5cdf5483068fbd9212d5acaa180fd	2026-09-28	observed-baseline	not_applicable:baseline-no-substitution	praytimes-event-proximate-jDate-plus-finalAsr-over-24-single-iteration-from-seed-13h	-23.4352	40.1568	closed-form-arccos-sunAngleTime-local-float-hours-16.489674-USNO-approx-ephemeris-numIterations-1	2026-12-21T14:29:22.824Z	2026-12-21T14:29:22.824Z	+0.000	2026-12-21T14:29:27.109Z	+4.285	+4.285	measurement	Float-hours-to-UTC-ms-no-second-quantization;seed-epoch-declination--23.4349-versus-final--23.4352-shows-single-pass-update;internal-dayPortion-values-not-logged
asr-ct-std-adhan-transit-target	cape-town-solstice	ordinary	2026-12-21	-33.9249	18.4241	120	mwl-angles-18-17	Standard	1	adhan-npm-4.4.6	https://www.npmjs.com/package/adhan/v/4.4.6	tarball-sha512:cpLLcr6qxx+mLc6jgSXJwAAHxDFrhXhVLuzRbZPrpQKIEpJw+0LcfG6u9WEjq66kcTX/2sCkI3VztgRoUXBnFg==|package.json-sha256:cde0971d595046294f0090cc12ee19566bda96083a5acf6071e4b45ff2496de6|cjs-sorted-sha256:b8825c79bec06c175956761425fc9c3d9326a95b9b341298d6c15fdccef1e6b7	2026-09-28	counterfactual-adhan-shadow-target-at-transit-declination	shadow-target-declination-epoch-00-00-UTC-to-transit-only;adhan-correctedHourAngle-root-unchanged	transit-epoch-adhan-interpolated-m-equals-transit-over-24	-23.4371	40.1576	correctedHourAngle-fractional-hours-14.492272-with-meeus-interpolated-decl-single-dm-correction	2026-12-21T14:29:32.000Z	2026-12-21T14:29:32.179Z	+0.179	2026-12-21T14:29:27.109Z	-4.891	-5.070	computation	C1-target-altitude-equals-salah-target-to-4dp-so-this-row-is-also-the-fixed-target-control;exact-fractional-shift-and-residual-in-report;floored-Date-convention-kept-for-test-comparability
asr-ct-std-praytimes-target-analysis	cape-town-solstice	ordinary	2026-12-21	-33.9249	18.4241	120	mwl-angles-18-17	Standard	1	praytimes-js-2.5	https://praytimes.org/code/v2/js/PrayTimes.js	sha256:f0e8442410446b1bf2db613bdebd3aa3aef5cdf5483068fbd9212d5acaa180fd	2026-09-28	hypothetical-praytimes-target-at-transit-declination	not_applicable:analysis-only-no-source-code-substitution	salah-upper-transit-hypothetical-for-praytimes-target	-23.4371	40.1576	closed-form-arccos-sunAngleTime-local-float-hours-16.489674-analysis-only-same-instant-as-observed-row	2026-12-21T14:29:22.824Z	2026-12-21T14:29:22.824Z	+0.000	2026-12-21T14:29:27.109Z	+4.285	+4.285	hypothesis	slope-based-target-term-vs-ephemeris-split-in-report-is-hypothesis-transferring-salah-local-slope;native-target-40.1568-vs-transit-target-40.1576;no-praytimes-code-change-performed
asr-ct-han-salah-observed	cape-town-solstice	ordinary	2026-12-21	-33.9249	18.4241	120	mwl-angles-18-17	Hanafi	2	salah-core-0.3.0-NOAA-MEEUS-SOLAR-2	not_applicable:audited-implementation-in-this-repository	not_applicable:local-source-tree-tested-offline-no-third-party-hash	2026-09-28	observed-baseline	not_applicable:baseline-no-substitution	salah-upper-transit	-23.4371	24.5908	bisection-falling-crossing-50-iterations-plus-80-step-golden-section-extremum-check-unrounded-below	2026-12-21T15:45:22Z	2026-12-21T15:45:21.574Z	-0.426	2026-12-21T15:45:21.574Z	-0.426	+0.000	measurement	salah-transit-iteration-residual-not-exposed-by-API-marked-unknown-in-report;rounding-is-nearest-second-with-raw-f64-preserved
asr-ct-han-adhan-observed	cape-town-solstice	ordinary	2026-12-21	-33.9249	18.4241	120	mwl-angles-18-17	Hanafi	2	adhan-npm-4.4.6	https://www.npmjs.com/package/adhan/v/4.4.6	tarball-sha512:cpLLcr6qxx+mLc6jgSXJwAAHxDFrhXhVLuzRbZPrpQKIEpJw+0LcfG6u9WEjq66kcTX/2sCkI3VztgRoUXBnFg==|package.json-sha256:cde0971d595046294f0090cc12ee19566bda96083a5acf6071e4b45ff2496de6|cjs-sorted-sha256:b8825c79bec06c175956761425fc9c3d9326a95b9b341298d6c15fdccef1e6b7	2026-09-28	observed-baseline	not_applicable:baseline-no-substitution	adhan-input-date-00-00-UTC-julianDay-at-0h	-23.4349	24.5904	correctedHourAngle-fractional-hours-15.756416-with-meeus-interpolated-decl-single-dm-correction	2026-12-21T15:45:23.000Z	2026-12-21T15:45:23.096Z	+0.096	2026-12-21T15:45:21.574Z	-1.426	-1.522	measurement	TimeComponents-floors-to-integer-second-and-Rounding.None-adds-zero-so-reported-is-truncation-of-exact;declination-at-root-epoch-inside-correctedHourAngle-not-returned-by-API
asr-ct-han-praytimes-observed	cape-town-solstice	ordinary	2026-12-21	-33.9249	18.4241	120	mwl-angles-18-17	Hanafi	2	praytimes-js-2.5	https://praytimes.org/code/v2/js/PrayTimes.js	sha256:f0e8442410446b1bf2db613bdebd3aa3aef5cdf5483068fbd9212d5acaa180fd	2026-09-28	observed-baseline	not_applicable:baseline-no-substitution	praytimes-event-proximate-jDate-plus-finalAsr-over-24-single-iteration-from-seed-13h	-23.4353	24.5905	closed-form-arccos-sunAngleTime-local-float-hours-17.754308-USNO-approx-ephemeris-numIterations-1	2026-12-21T15:45:15.507Z	2026-12-21T15:45:15.507Z	+0.000	2026-12-21T15:45:21.574Z	+6.067	+6.067	measurement	Float-hours-to-UTC-ms-no-second-quantization;seed-epoch-declination--23.4349-versus-final--23.4353-shows-single-pass-update;internal-dayPortion-values-not-logged
asr-ct-han-adhan-transit-target	cape-town-solstice	ordinary	2026-12-21	-33.9249	18.4241	120	mwl-angles-18-17	Hanafi	2	adhan-npm-4.4.6	https://www.npmjs.com/package/adhan/v/4.4.6	tarball-sha512:cpLLcr6qxx+mLc6jgSXJwAAHxDFrhXhVLuzRbZPrpQKIEpJw+0LcfG6u9WEjq66kcTX/2sCkI3VztgRoUXBnFg==|package.json-sha256:cde0971d595046294f0090cc12ee19566bda96083a5acf6071e4b45ff2496de6|cjs-sorted-sha256:b8825c79bec06c175956761425fc9c3d9326a95b9b341298d6c15fdccef1e6b7	2026-09-28	counterfactual-adhan-shadow-target-at-transit-declination	shadow-target-declination-epoch-00-00-UTC-to-transit-only;adhan-correctedHourAngle-root-unchanged	transit-epoch-adhan-interpolated-m-equals-transit-over-24	-23.4371	24.5908	correctedHourAngle-fractional-hours-15.756382-with-meeus-interpolated-decl-single-dm-correction	2026-12-21T15:45:22.000Z	2026-12-21T15:45:22.976Z	+0.976	2026-12-21T15:45:21.574Z	-0.426	-1.402	computation	C1-target-altitude-equals-salah-target-to-4dp-so-this-row-is-also-the-fixed-target-control;exact-fractional-shift-and-residual-in-report;floored-Date-convention-kept-for-test-comparability
asr-ct-han-praytimes-target-analysis	cape-town-solstice	ordinary	2026-12-21	-33.9249	18.4241	120	mwl-angles-18-17	Hanafi	2	praytimes-js-2.5	https://praytimes.org/code/v2/js/PrayTimes.js	sha256:f0e8442410446b1bf2db613bdebd3aa3aef5cdf5483068fbd9212d5acaa180fd	2026-09-28	hypothetical-praytimes-target-at-transit-declination	not_applicable:analysis-only-no-source-code-substitution	salah-upper-transit-hypothetical-for-praytimes-target	-23.4371	24.5908	closed-form-arccos-sunAngleTime-local-float-hours-17.754308-analysis-only-same-instant-as-observed-row	2026-12-21T15:45:15.507Z	2026-12-21T15:45:15.507Z	+0.000	2026-12-21T15:45:21.574Z	+6.067	+6.067	hypothesis	slope-based-target-term-vs-ephemeris-split-in-report-is-hypothesis-transferring-salah-local-slope;native-target-24.5905-vs-transit-target-24.5908;no-praytimes-code-change-performed
