case_id	latitude_deg	longitude_deg	site_height_km	window_label	window_start_ut	window_end_ut	request_role	request_url	response_sha256	hash_scope	retrieval_date_utc	source_name	api_signature_version	api_doc_version	target_body	center_site	site_coord	coord_frame	ephemeris_source	eop_file	eop_coverage	time_scale	refraction_setting	quantity_definition	csv_format	extra_precision	time_digits	step_size	n_samples	sampling_seconds	derived_min_elev_deg	derived_min_time_ut	source_elev_display_precision	fixed_threshold_h0_deg	derived_margin_deg	derived_status_at_h0	derived_status_at_h0_plus_0p005deg	derived_status_at_h0_minus_0p005deg	derived_bracket_evidence	derived_limitations
jpl-2026-6572-wA-coarse	65.72	0.0	0	solar-midnight-2026-06-20-21	2026-06-20T22:00:00Z	2026-06-21T02:00:00Z	coarse_locate_10min	https://ssd.jpl.nasa.gov/api/horizons.api?format=json&COMMAND=%2710%27&OBJ_DATA=NO&MAKE_EPHEM=YES&EPHEM_TYPE=%27OBSERVER%27&CENTER=%27coord%40399%27&COORD_TYPE=%27GEODETIC%27&SITE_COORD=%270%2C65.72%2C0%27&START_TIME=%272026-06-20+22%3A00%27&STOP_TIME=%272026-06-21+02%3A00%27&STEP_SIZE=%2710m%27&QUANTITIES=%274%27&APPARENT=%27AIRLESS%27&CSV_FORMAT=%27YES%27&EXTRA_PREC=%27YES%27&TIME_DIGITS=%27FRACSEC%27&TIME_TYPE=%27UT%27&CAL_FORMAT=%27BOTH%27	d62347a6d7c1d2d6cb0c0ef53a54c7b613ef16975eb259ffe2e9cdfa44819213	full_JSON_wrapper_bytes_including_server_timestamp	2026-09-28	NASA_JPL_Horizons_API	1.2	1.3_doc_2025-06	Sun_10	coord_at_399_user_geodetic_site	0_65.72_0_E-lon_Lat_Alt-km	ITRF93_shown_for_center_pole_equ	DE441	eop.260925.p261222	DATA-BASED_1962-JAN-20_TO_2026-SEP-25_PREDICTS_to_2026-DEC-21	UT_requested_documented_post-1962_output_as_UTC	AIRLESS_no_refraction_correction	quantity_4_airless_apparent_AZ_EL_of_target_center_compensated_light-time_bending_aberration_precession-nutation_topocentric_only	YES	YES	FRACSEC	10m	25	600	-0.844275900	2026-06-21T00:00:00Z	9_decimal_places_degrees_EXTRA_PREC	-0.833	-0.011275900	derived_dips_below_h0	derived_dips_below	derived_dips_below	derived_bracket_23:50_-0.816702026_above_then_00:00_-0.844275900_below_then_00:10_-0.830712188_above	coarse_10min_sampling_may_miss_true_minimum_superseded_by_fine_row_jpl-2026-6572-wA-fine
jpl-2026-6572-wB-coarse	65.72	0.0	0	solar-midnight-2026-06-21-22	2026-06-21T22:00:00Z	2026-06-22T02:00:00Z	coarse_locate_10min	https://ssd.jpl.nasa.gov/api/horizons.api?format=json&COMMAND=%2710%27&OBJ_DATA=NO&MAKE_EPHEM=YES&EPHEM_TYPE=%27OBSERVER%27&CENTER=%27coord%40399%27&COORD_TYPE=%27GEODETIC%27&SITE_COORD=%270%2C65.72%2C0%27&START_TIME=%272026-06-21+22%3A00%27&STOP_TIME=%272026-06-22+02%3A00%27&STEP_SIZE=%2710m%27&QUANTITIES=%274%27&APPARENT=%27AIRLESS%27&CSV_FORMAT=%27YES%27&EXTRA_PREC=%27YES%27&TIME_DIGITS=%27FRACSEC%27&TIME_TYPE=%27UT%27&CAL_FORMAT=%27BOTH%27	d62ace8f4f0ca42d08989ef2090bc6d10c4a8c3d2be39bb5495336be9952e4c5	full_JSON_wrapper_bytes_including_server_timestamp	2026-09-28	NASA_JPL_Horizons_API	1.2	1.3_doc_2025-06	Sun_10	coord_at_399_user_geodetic_site	0_65.72_0_E-lon_Lat_Alt-km	ITRF93_shown_for_center_pole_equ	DE441	eop.260925.p261222	DATA-BASED_1962-JAN-20_TO_2026-SEP-25_PREDICTS_to_2026-DEC-21	UT_requested_documented_post-1962_output_as_UTC	AIRLESS_no_refraction_correction	quantity_4_airless_apparent_AZ_EL_of_target_center_compensated_light-time_bending_aberration_precession-nutation_topocentric_only	YES	YES	FRACSEC	10m	25	600	-0.845176601	2026-06-22T00:00:00Z	9_decimal_places_degrees_EXTRA_PREC	-0.833	-0.012176601	derived_dips_below_h0	derived_dips_below	derived_dips_below	derived_bracket_23:50_-0.816656687_above_then_00:00_-0.845176601_below_then_00:10_-0.832558854_above	coarse_10min_sampling_may_miss_true_minimum_superseded_by_fine_row_jpl-2026-6572-wB-fine
jpl-2026-65735-wA-coarse	65.735	0.0	0	solar-midnight-2026-06-20-21	2026-06-20T22:00:00Z	2026-06-21T02:00:00Z	coarse_locate_10min	https://ssd.jpl.nasa.gov/api/horizons.api?format=json&COMMAND=%2710%27&OBJ_DATA=NO&MAKE_EPHEM=YES&EPHEM_TYPE=%27OBSERVER%27&CENTER=%27coord%40399%27&COORD_TYPE=%27GEODETIC%27&SITE_COORD=%270%2C65.735%2C0%27&START_TIME=%272026-06-20+22%3A00%27&STOP_TIME=%272026-06-21+02%3A00%27&STEP_SIZE=%2710m%27&QUANTITIES=%274%27&APPARENT=%27AIRLESS%27&CSV_FORMAT=%27YES%27&EXTRA_PREC=%27YES%27&TIME_DIGITS=%27FRACSEC%27&TIME_TYPE=%27UT%27&CAL_FORMAT=%27BOTH%27	3e5b81c79c485ecea1947fcb59cf04230ab8527c2eb336ee53917bc2726d782d	full_JSON_wrapper_bytes_including_server_timestamp	2026-09-28	NASA_JPL_Horizons_API	1.2	1.3_doc_2025-06	Sun_10	coord_at_399_user_geodetic_site	0_65.735_0_E-lon_Lat_Alt-km	ITRF93_shown_for_center_pole_equ	DE441	eop.260925.p261222	DATA-BASED_1962-JAN-20_TO_2026-SEP-25_PREDICTS_to_2026-DEC-21	UT_requested_documented_post-1962_output_as_UTC	AIRLESS_no_refraction_correction	quantity_4_airless_apparent_AZ_EL_of_target_center_compensated_light-time_bending_aberration_precession-nutation_topocentric_only	YES	YES	FRACSEC	10m	25	600	-0.829276260	2026-06-21T00:00:00Z	9_decimal_places_degrees_EXTRA_PREC	-0.833	+0.003723740	derived_stays_above_h0	derived_dips_below_at_minus_0.828	derived_stays_above_at_minus_0.838	derived_no_below-h0_sample_in_25-point_arc_minimum_is_least-above-h0_sample	coarse_10min_sampling_sampled_minimum_is_upper_bound_on_true_minimum_superseded_by_fine_row_jpl-2026-65735-wA-fine
jpl-2026-65735-wB-coarse	65.735	0.0	0	solar-midnight-2026-06-21-22	2026-06-21T22:00:00Z	2026-06-22T02:00:00Z	coarse_locate_10min	https://ssd.jpl.nasa.gov/api/horizons.api?format=json&COMMAND=%2710%27&OBJ_DATA=NO&MAKE_EPHEM=YES&EPHEM_TYPE=%27OBSERVER%27&CENTER=%27coord%40399%27&COORD_TYPE=%27GEODETIC%27&SITE_COORD=%270%2C65.735%2C0%27&START_TIME=%272026-06-21+22%3A00%27&STOP_TIME=%272026-06-22+02%3A00%27&STEP_SIZE=%2710m%27&QUANTITIES=%274%27&APPARENT=%27AIRLESS%27&CSV_FORMAT=%27YES%27&EXTRA_PREC=%27YES%27&TIME_DIGITS=%27FRACSEC%27&TIME_TYPE=%27UT%27&CAL_FORMAT=%27BOTH%27	65f3c12a512e9294eb312f943ae4bc2f5fbfd4735c83c3a3544e6b9de95d8363	full_JSON_wrapper_bytes_including_server_timestamp	2026-09-28	NASA_JPL_Horizons_API	1.2	1.3_doc_2025-06	Sun_10	coord_at_399_user_geodetic_site	0_65.735_0_E-lon_Lat_Alt-km	ITRF93_shown_for_center_pole_equ	DE441	eop.260925.p261222	DATA-BASED_1962-JAN-20_TO_2026-SEP-25_PREDICTS_to_2026-DEC-21	UT_requested_documented_post-1962_output_as_UTC	AIRLESS_no_refraction_correction	quantity_4_airless_apparent_AZ_EL_of_target_center_compensated_light-time_bending_aberration_precession-nutation_topocentric_only	YES	YES	FRACSEC	10m	25	600	-0.830177057	2026-06-22T00:00:00Z	9_decimal_places_degrees_EXTRA_PREC	-0.833	+0.002822943	derived_stays_above_h0	derived_dips_below_at_minus_0.828	derived_stays_above_at_minus_0.838	derived_no_below-h0_sample_in_25-point_arc_minimum_is_least-above-h0_sample	coarse_10min_sampling_sampled_minimum_is_upper_bound_on_true_minimum_superseded_by_fine_row_jpl-2026-65735-wB-fine
jpl-2026-6574-wA-coarse	65.74	0.0	0	solar-midnight-2026-06-20-21	2026-06-20T22:00:00Z	2026-06-21T02:00:00Z	coarse_locate_10min	https://ssd.jpl.nasa.gov/api/horizons.api?format=json&COMMAND=%2710%27&OBJ_DATA=NO&MAKE_EPHEM=YES&EPHEM_TYPE=%27OBSERVER%27&CENTER=%27coord%40399%27&COORD_TYPE=%27GEODETIC%27&SITE_COORD=%270%2C65.74%2C0%27&START_TIME=%272026-06-20+22%3A00%27&STOP_TIME=%272026-06-21+02%3A00%27&STEP_SIZE=%2710m%27&QUANTITIES=%274%27&APPARENT=%27AIRLESS%27&CSV_FORMAT=%27YES%27&EXTRA_PREC=%27YES%27&TIME_DIGITS=%27FRACSEC%27&TIME_TYPE=%27UT%27&CAL_FORMAT=%27BOTH%27	5fe471a71a30e4814bd42b1accd1c006c1acc13e408839f4e75737868d681a0f	full_JSON_wrapper_bytes_including_server_timestamp	2026-09-28	NASA_JPL_Horizons_API	1.2	1.3_doc_2025-06	Sun_10	coord_at_399_user_geodetic_site	0_65.74_0_E-lon_Lat_Alt-km	ITRF93_shown_for_center_pole_equ	DE441	eop.260925.p261222	DATA-BASED_1962-JAN-20_TO_2026-SEP-25_PREDICTS_to_2026-DEC-21	UT_requested_documented_post-1962_output_as_UTC	AIRLESS_no_refraction_correction	quantity_4_airless_apparent_AZ_EL_of_target_center_compensated_light-time_bending_aberration_precession-nutation_topocentric_only	YES	YES	FRACSEC	10m	25	600	-0.824276380	2026-06-21T00:00:00Z	9_decimal_places_degrees_EXTRA_PREC	-0.833	+0.008723620	derived_stays_above_h0	derived_stays_above_at_minus_0.828	derived_stays_above_at_minus_0.838	derived_no_below-h0_sample_in_25-point_arc_minimum_is_least-above-h0_sample	coarse_10min_sampling_sampled_minimum_is_upper_bound_on_true_minimum_superseded_by_fine_row_jpl-2026-6574-wA-fine
jpl-2026-6574-wB-coarse	65.74	0.0	0	solar-midnight-2026-06-21-22	2026-06-21T22:00:00Z	2026-06-22T02:00:00Z	coarse_locate_10min	https://ssd.jpl.nasa.gov/api/horizons.api?format=json&COMMAND=%2710%27&OBJ_DATA=NO&MAKE_EPHEM=YES&EPHEM_TYPE=%27OBSERVER%27&CENTER=%27coord%40399%27&COORD_TYPE=%27GEODETIC%27&SITE_COORD=%270%2C65.74%2C0%27&START_TIME=%272026-06-21+22%3A00%27&STOP_TIME=%272026-06-22+02%3A00%27&STEP_SIZE=%2710m%27&QUANTITIES=%274%27&APPARENT=%27AIRLESS%27&CSV_FORMAT=%27YES%27&EXTRA_PREC=%27YES%27&TIME_DIGITS=%27FRACSEC%27&TIME_TYPE=%27UT%27&CAL_FORMAT=%27BOTH%27	31b8748202b28feb7a3152d39bbfe8b56ee8b8a03ad59c683b30bda6c6118f2b	full_JSON_wrapper_bytes_including_server_timestamp	2026-09-28	NASA_JPL_Horizons_API	1.2	1.3_doc_2025-06	Sun_10	coord_at_399_user_geodetic_site	0_65.74_0_E-lon_Lat_Alt-km	ITRF93_shown_for_center_pole_equ	DE441	eop.260925.p261222	DATA-BASED_1962-JAN-20_TO_2026-SEP-25_PREDICTS_to_2026-DEC-21	UT_requested_documented_post-1962_output_as_UTC	AIRLESS_no_refraction_correction	quantity_4_airless_apparent_AZ_EL_of_target_center_compensated_light-time_bending_aberration_precession-nutation_topocentric_only	YES	YES	FRACSEC	10m	25	600	-0.825177208	2026-06-22T00:00:00Z	9_decimal_places_degrees_EXTRA_PREC	-0.833	+0.007822792	derived_stays_above_h0	derived_stays_above_at_minus_0.828	derived_stays_above_at_minus_0.838	derived_no_below-h0_sample_in_25-point_arc_minimum_is_least-above-h0_sample	coarse_10min_sampling_sampled_minimum_is_upper_bound_on_true_minimum_superseded_by_fine_row_jpl-2026-6574-wB-fine
jpl-2026-6572-wA-fine	65.72	0.0	0	solar-midnight-2026-06-20-21	2026-06-20T23:40:00Z	2026-06-21T00:20:00Z	fine_minimum_unitless-240	https://ssd.jpl.nasa.gov/api/horizons.api?format=json&COMMAND=%2710%27&OBJ_DATA=NO&MAKE_EPHEM=YES&EPHEM_TYPE=%27OBSERVER%27&CENTER=%27coord%40399%27&COORD_TYPE=%27GEODETIC%27&SITE_COORD=%270%2C65.72%2C0%27&START_TIME=%272026-06-20+23%3A40%27&STOP_TIME=%272026-06-21+00%3A20%27&STEP_SIZE=%27240%27&QUANTITIES=%274%27&APPARENT=%27AIRLESS%27&CSV_FORMAT=%27YES%27&EXTRA_PREC=%27YES%27&TIME_DIGITS=%27FRACSEC%27&TIME_TYPE=%27UT%27&CAL_FORMAT=%27BOTH%27	8badfa97fa1710946380209eddec719a5d8a14b00fa523dc79713442e77a61b5	full_JSON_wrapper_bytes_including_server_timestamp	2026-09-28	NASA_JPL_Horizons_API	1.2	1.3_doc_2025-06	Sun_10	coord_at_399_user_geodetic_site	0_65.72_0_E-lon_Lat_Alt-km	ITRF93_shown_for_center_pole_equ	DE441	eop.260925.p261222	DATA-BASED_1962-JAN-20_TO_2026-SEP-25_PREDICTS_to_2026-DEC-21	UT_requested_documented_post-1962_output_as_UTC	AIRLESS_no_refraction_correction	quantity_4_airless_apparent_AZ_EL_of_target_center_compensated_light-time_bending_aberration_precession-nutation_topocentric_only	YES	YES	FRACSEC	240_unitless_2400s_div_240	241	10	-0.844872335	2026-06-21T00:01:40Z	9_decimal_places_degrees_EXTRA_PREC	-0.833	-0.011872335	derived_dips_below_h0	derived_dips_below	derived_dips_below	derived_bracket_falling_side_23:40:00_-0.748043879_above_then_91_of_241_samples_below_h0_then_rising_side_00:20:00_-0.776037102_above	10s_sampling_sampled_minimum_is_upper_bound_on_true_minimum_no_exact_tangent_claim
jpl-2026-6572-wB-fine	65.72	0.0	0	solar-midnight-2026-06-21-22	2026-06-21T23:40:00Z	2026-06-22T00:20:00Z	fine_minimum_unitless-240	https://ssd.jpl.nasa.gov/api/horizons.api?format=json&COMMAND=%2710%27&OBJ_DATA=NO&MAKE_EPHEM=YES&EPHEM_TYPE=%27OBSERVER%27&CENTER=%27coord%40399%27&COORD_TYPE=%27GEODETIC%27&SITE_COORD=%270%2C65.72%2C0%27&START_TIME=%272026-06-21+23%3A40%27&STOP_TIME=%272026-06-22+00%3A20%27&STEP_SIZE=%27240%27&QUANTITIES=%274%27&APPARENT=%27AIRLESS%27&CSV_FORMAT=%27YES%27&EXTRA_PREC=%27YES%27&TIME_DIGITS=%27FRACSEC%27&TIME_TYPE=%27UT%27&CAL_FORMAT=%27BOTH%27	0c1f83378d8d557a0466e2f555f74b22e40be65a036b687d0b1216384e099751	full_JSON_wrapper_bytes_including_server_timestamp	2026-09-28	NASA_JPL_Horizons_API	1.2	1.3_doc_2025-06	Sun_10	coord_at_399_user_geodetic_site	0_65.72_0_E-lon_Lat_Alt-km	ITRF93_shown_for_center_pole_equ	DE441	eop.260925.p261222	DATA-BASED_1962-JAN-20_TO_2026-SEP-25_PREDICTS_to_2026-DEC-21	UT_requested_documented_post-1962_output_as_UTC	AIRLESS_no_refraction_correction	quantity_4_airless_apparent_AZ_EL_of_target_center_compensated_light-time_bending_aberration_precession-nutation_topocentric_only	YES	YES	FRACSEC	240_unitless_2400s_div_240	241	10	-0.845944429	2026-06-22T00:02:00Z	9_decimal_places_degrees_EXTRA_PREC	-0.833	-0.012944429	derived_dips_below_h0	derived_dips_below	derived_dips_below	derived_bracket_falling_side_23:40:00_-0.747054206_above_then_95_of_241_samples_below_h0_then_rising_side_00:20:00_-0.778827875_above	10s_sampling_sampled_minimum_is_upper_bound_on_true_minimum_no_exact_tangent_claim
jpl-2026-65735-wA-fine	65.735	0.0	0	solar-midnight-2026-06-20-21	2026-06-20T23:40:00Z	2026-06-21T00:20:00Z	fine_minimum_unitless-240	https://ssd.jpl.nasa.gov/api/horizons.api?format=json&COMMAND=%2710%27&OBJ_DATA=NO&MAKE_EPHEM=YES&EPHEM_TYPE=%27OBSERVER%27&CENTER=%27coord%40399%27&COORD_TYPE=%27GEODETIC%27&SITE_COORD=%270%2C65.735%2C0%27&START_TIME=%272026-06-20+23%3A40%27&STOP_TIME=%272026-06-21+00%3A20%27&STEP_SIZE=%27240%27&QUANTITIES=%274%27&APPARENT=%27AIRLESS%27&CSV_FORMAT=%27YES%27&EXTRA_PREC=%27YES%27&TIME_DIGITS=%27FRACSEC%27&TIME_TYPE=%27UT%27&CAL_FORMAT=%27BOTH%27	681afcb2e0f80f3db808e5bf2f8fc00f5f0040bb084b56a5dc211ff4cdabe3f9	full_JSON_wrapper_bytes_including_server_timestamp	2026-09-28	NASA_JPL_Horizons_API	1.2	1.3_doc_2025-06	Sun_10	coord_at_399_user_geodetic_site	0_65.735_0_E-lon_Lat_Alt-km	ITRF93_shown_for_center_pole_equ	DE441	eop.260925.p261222	DATA-BASED_1962-JAN-20_TO_2026-SEP-25_PREDICTS_to_2026-DEC-21	UT_requested_documented_post-1962_output_as_UTC	AIRLESS_no_refraction_correction	quantity_4_airless_apparent_AZ_EL_of_target_center_compensated_light-time_bending_aberration_precession-nutation_topocentric_only	YES	YES	FRACSEC	240_unitless_2400s_div_240	241	10	-0.829872345	2026-06-21T00:01:40Z	9_decimal_places_degrees_EXTRA_PREC	-0.833	+0.003127655	derived_stays_above_h0	derived_dips_below_at_minus_0.828	derived_stays_above_at_minus_0.838	derived_no_below-h0_sample_all_241_above_h0_nearest-neighbours_00:01:30_-0.829864138_and_00:01:50_-0.829869129_both_above	10s_sampling_sampled_minimum_is_upper_bound_on_true_minimum_margin_only_0.00313deg_no_exact_tangent_claim
jpl-2026-65735-wB-fine	65.735	0.0	0	solar-midnight-2026-06-21-22	2026-06-21T23:40:00Z	2026-06-22T00:20:00Z	fine_minimum_unitless-240	https://ssd.jpl.nasa.gov/api/horizons.api?format=json&COMMAND=%2710%27&OBJ_DATA=NO&MAKE_EPHEM=YES&EPHEM_TYPE=%27OBSERVER%27&CENTER=%27coord%40399%27&COORD_TYPE=%27GEODETIC%27&SITE_COORD=%270%2C65.735%2C0%27&START_TIME=%272026-06-21+23%3A40%27&STOP_TIME=%272026-06-22+00%3A20%27&STEP_SIZE=%27240%27&QUANTITIES=%274%27&APPARENT=%27AIRLESS%27&CSV_FORMAT=%27YES%27&EXTRA_PREC=%27YES%27&TIME_DIGITS=%27FRACSEC%27&TIME_TYPE=%27UT%27&CAL_FORMAT=%27BOTH%27	2b2936a297baf3a5ee913ce27ab83330acb7c820fbb9e8b10faa0584ee8baa34	full_JSON_wrapper_bytes_including_server_timestamp	2026-09-28	NASA_JPL_Horizons_API	1.2	1.3_doc_2025-06	Sun_10	coord_at_399_user_geodetic_site	0_65.735_0_E-lon_Lat_Alt-km	ITRF93_shown_for_center_pole_equ	DE441	eop.260925.p261222	DATA-BASED_1962-JAN-20_TO_2026-SEP-25_PREDICTS_to_2026-DEC-21	UT_requested_documented_post-1962_output_as_UTC	AIRLESS_no_refraction_correction	quantity_4_airless_apparent_AZ_EL_of_target_center_compensated_light-time_bending_aberration_precession-nutation_topocentric_only	YES	YES	FRACSEC	240_unitless_2400s_div_240	241	10	-0.830944439	2026-06-22T00:02:00Z	9_decimal_places_degrees_EXTRA_PREC	-0.833	+0.002055561	derived_stays_above_h0	derived_dips_below_at_minus_0.828	derived_stays_above_at_minus_0.838	derived_no_below-h0_sample_all_241_above_h0_nearest-neighbours_00:01:50_-0.830943315_and_00:02:10_-0.830934140_both_above	10s_sampling_sampled_minimum_is_upper_bound_on_true_minimum_margin_only_0.00206deg_no_exact_tangent_claim
jpl-2026-6574-wA-fine	65.74	0.0	0	solar-midnight-2026-06-20-21	2026-06-20T23:40:00Z	2026-06-21T00:20:00Z	fine_minimum_unitless-240	https://ssd.jpl.nasa.gov/api/horizons.api?format=json&COMMAND=%2710%27&OBJ_DATA=NO&MAKE_EPHEM=YES&EPHEM_TYPE=%27OBSERVER%27&CENTER=%27coord%40399%27&COORD_TYPE=%27GEODETIC%27&SITE_COORD=%270%2C65.74%2C0%27&START_TIME=%272026-06-20+23%3A40%27&STOP_TIME=%272026-06-21+00%3A20%27&STEP_SIZE=%27240%27&QUANTITIES=%274%27&APPARENT=%27AIRLESS%27&CSV_FORMAT=%27YES%27&EXTRA_PREC=%27YES%27&TIME_DIGITS=%27FRACSEC%27&TIME_TYPE=%27UT%27&CAL_FORMAT=%27BOTH%27	f8df561fd782a0b48ba5d84bf23e794215d47295a0420419fb5ff07384ab5eb2	full_JSON_wrapper_bytes_including_server_timestamp	2026-09-28	NASA_JPL_Horizons_API	1.2	1.3_doc_2025-06	Sun_10	coord_at_399_user_geodetic_site	0_65.74_0_E-lon_Lat_Alt-km	ITRF93_shown_for_center_pole_equ	DE441	eop.260925.p261222	DATA-BASED_1962-JAN-20_TO_2026-SEP-25_PREDICTS_to_2026-DEC-21	UT_requested_documented_post-1962_output_as_UTC	AIRLESS_no_refraction_correction	quantity_4_airless_apparent_AZ_EL_of_target_center_compensated_light-time_bending_aberration_precession-nutation_topocentric_only	YES	YES	FRACSEC	240_unitless_2400s_div_240	241	10	-0.824872348	2026-06-21T00:01:40Z	9_decimal_places_degrees_EXTRA_PREC	-0.833	+0.008127652	derived_stays_above_h0	derived_stays_above_at_minus_0.828	derived_stays_above_at_minus_0.838	derived_no_below-h0_sample_all_241_above_h0_minimum_is_least-above-h0_sample	10s_sampling_sampled_minimum_is_upper_bound_on_true_minimum_no_exact_tangent_claim
jpl-2026-6574-wB-fine	65.74	0.0	0	solar-midnight-2026-06-21-22	2026-06-21T23:40:00Z	2026-06-22T00:20:00Z	fine_minimum_unitless-240	https://ssd.jpl.nasa.gov/api/horizons.api?format=json&COMMAND=%2710%27&OBJ_DATA=NO&MAKE_EPHEM=YES&EPHEM_TYPE=%27OBSERVER%27&CENTER=%27coord%40399%27&COORD_TYPE=%27GEODETIC%27&SITE_COORD=%270%2C65.74%2C0%27&START_TIME=%272026-06-21+23%3A40%27&STOP_TIME=%272026-06-22+00%3A20%27&STEP_SIZE=%27240%27&QUANTITIES=%274%27&APPARENT=%27AIRLESS%27&CSV_FORMAT=%27YES%27&EXTRA_PREC=%27YES%27&TIME_DIGITS=%27FRACSEC%27&TIME_TYPE=%27UT%27&CAL_FORMAT=%27BOTH%27	dc471ceaab822f46ec4413334deba1e60b319c43d230b8d346d83fb5ee8baa34	full_JSON_wrapper_bytes_including_server_timestamp	2026-09-28	NASA_JPL_Horizons_API	1.2	1.3_doc_2025-06	Sun_10	coord_at_399_user_geodetic_site	0_65.74_0_E-lon_Lat_Alt-km	ITRF93_shown_for_center_pole_equ	DE441	eop.260925.p261222	DATA-BASED_1962-JAN-20_TO_2026-SEP-25_PREDICTS_to_2026-DEC-21	UT_requested_documented_post-1962_output_as_UTC	AIRLESS_no_refraction_correction	quantity_4_airless_apparent_AZ_EL_of_target_center_compensated_light-time_bending_aberration_precession-nutation_topocentric_only	YES	YES	FRACSEC	240_unitless_2400s_div_240	241	10	-0.825944442	2026-06-22T00:02:00Z	9_decimal_places_degrees_EXTRA_PREC	-0.833	+0.007055558	derived_stays_above_h0	derived_stays_above_at_minus_0.828	derived_stays_above_at_minus_0.838	derived_no_below-h0_sample_all_241_above_h0_minimum_is_least-above-h0_sample	10s_sampling_sampled_minimum_is_upper_bound_on_true_minimum_no_exact_tangent_claim
