case_id	regime	date	latitude	longitude	offset_minutes	profile	fajr_angle	isha_angle	asr	adhan_fajr_kind	adhan_isha_kind	praytimes_fajr_utc	adhan_fajr_utc	praytimes_dhuhr_utc	adhan_dhuhr_utc	praytimes_asr_utc	adhan_asr_utc	praytimes_maghrib_utc	adhan_maghrib_utc	praytimes_isha_utc	adhan_isha_utc	praytimes_cycle_shift_days	adhan_input_utc_date
minneapolis-autumn	ordinary	2026-09-27	44.9778	-93.265	-300	research-15	15	15	Standard	angle	angle	2026-09-27T10:45:33.558Z	2026-09-27T10:45:34.000Z	2026-09-27T18:03:56.707Z	2026-09-27T18:03:57.000Z	2026-09-27T21:22:10.583Z	2026-09-27T21:20:52.000Z	2026-09-28T00:00:47.819Z	2026-09-28T00:00:48.000Z	2026-09-28T01:21:27.671Z	2026-09-28T01:21:16.000Z	0	2026-09-27
minneapolis-autumn	ordinary	2026-09-27	44.9778	-93.265	-300	research-15	15	15	Hanafi	angle	angle	2026-09-27T10:45:33.558Z	2026-09-27T10:45:34.000Z	2026-09-27T18:03:56.707Z	2026-09-27T18:03:57.000Z	2026-09-27T22:11:31.384Z	2026-09-27T22:10:46.000Z	2026-09-28T00:00:47.819Z	2026-09-28T00:00:48.000Z	2026-09-28T01:21:27.671Z	2026-09-28T01:21:16.000Z	0	2026-09-27
minneapolis-autumn	ordinary	2026-09-27	44.9778	-93.265	-300	mwl-angles-18-17	18	17	Standard	angle	angle	2026-09-27T10:28:01.756Z	2026-09-27T10:28:02.000Z	2026-09-27T18:03:56.707Z	2026-09-27T18:03:57.000Z	2026-09-27T21:22:10.583Z	2026-09-27T21:20:52.000Z	2026-09-28T00:00:47.819Z	2026-09-28T00:00:48.000Z	2026-09-28T01:33:06.118Z	2026-09-28T01:32:52.000Z	0	2026-09-27
minneapolis-autumn	ordinary	2026-09-27	44.9778	-93.265	-300	mwl-angles-18-17	18	17	Hanafi	angle	angle	2026-09-27T10:28:01.756Z	2026-09-27T10:28:02.000Z	2026-09-27T18:03:56.707Z	2026-09-27T18:03:57.000Z	2026-09-27T22:11:31.384Z	2026-09-27T22:10:46.000Z	2026-09-28T00:00:47.819Z	2026-09-28T00:00:48.000Z	2026-09-28T01:33:06.118Z	2026-09-28T01:32:52.000Z	0	2026-09-27
makkah-equinox	ordinary	2026-03-20	21.4225	39.8262	180	research-15	15	15	Standard	angle	angle	2026-03-20T02:24:02.352Z	2026-03-20T02:24:01.000Z	2026-03-20T09:28:11.520Z	2026-03-20T09:28:11.000Z	2026-03-20T12:52:57.038Z	2026-03-20T12:53:21.000Z	2026-03-20T15:31:42.891Z	2026-03-20T15:31:42.000Z	2026-03-20T16:32:42.376Z	2026-03-20T16:32:43.000Z	0	2026-03-20
makkah-equinox	ordinary	2026-03-20	21.4225	39.8262	180	research-15	15	15	Hanafi	angle	angle	2026-03-20T02:24:02.352Z	2026-03-20T02:24:01.000Z	2026-03-20T09:28:11.520Z	2026-03-20T09:28:11.000Z	2026-03-20T13:50:12.775Z	2026-03-20T13:50:24.000Z	2026-03-20T15:31:42.891Z	2026-03-20T15:31:42.000Z	2026-03-20T16:32:42.376Z	2026-03-20T16:32:43.000Z	0	2026-03-20
makkah-equinox	ordinary	2026-03-20	21.4225	39.8262	180	mwl-angles-18-17	18	17	Standard	angle	angle	2026-03-20T02:11:03.979Z	2026-03-20T02:11:03.000Z	2026-03-20T09:28:11.520Z	2026-03-20T09:28:11.000Z	2026-03-20T12:52:57.038Z	2026-03-20T12:53:21.000Z	2026-03-20T15:31:42.891Z	2026-03-20T15:31:42.000Z	2026-03-20T16:41:21.312Z	2026-03-20T16:41:22.000Z	0	2026-03-20
makkah-equinox	ordinary	2026-03-20	21.4225	39.8262	180	mwl-angles-18-17	18	17	Hanafi	angle	angle	2026-03-20T02:11:03.979Z	2026-03-20T02:11:03.000Z	2026-03-20T09:28:11.520Z	2026-03-20T09:28:11.000Z	2026-03-20T13:50:12.775Z	2026-03-20T13:50:24.000Z	2026-03-20T15:31:42.891Z	2026-03-20T15:31:42.000Z	2026-03-20T16:41:21.312Z	2026-03-20T16:41:22.000Z	0	2026-03-20
cape-town-solstice	ordinary	2026-12-21	-33.9249	18.4241	120	research-15	15	15	Standard	angle	angle	2026-12-21T02:07:33.449Z	2026-12-21T02:07:31.000Z	2026-12-21T10:44:20.450Z	2026-12-21T10:44:20.000Z	2026-12-21T14:29:22.824Z	2026-12-21T14:29:32.000Z	2026-12-21T17:56:51.518Z	2026-12-21T17:56:53.000Z	2026-12-21T19:21:06.764Z	2026-12-21T19:21:11.000Z	0	2026-12-21
cape-town-solstice	ordinary	2026-12-21	-33.9249	18.4241	120	research-15	15	15	Hanafi	angle	angle	2026-12-21T02:07:33.449Z	2026-12-21T02:07:31.000Z	2026-12-21T10:44:20.450Z	2026-12-21T10:44:20.000Z	2026-12-21T15:45:15.507Z	2026-12-21T15:45:23.000Z	2026-12-21T17:56:51.518Z	2026-12-21T17:56:53.000Z	2026-12-21T19:21:06.764Z	2026-12-21T19:21:11.000Z	0	2026-12-21
cape-town-solstice	ordinary	2026-12-21	-33.9249	18.4241	120	mwl-angles-18-17	18	17	Standard	angle	angle	2026-12-21T01:47:18.920Z	2026-12-21T01:47:16.000Z	2026-12-21T10:44:20.450Z	2026-12-21T10:44:20.000Z	2026-12-21T14:29:22.824Z	2026-12-21T14:29:32.000Z	2026-12-21T17:56:51.518Z	2026-12-21T17:56:53.000Z	2026-12-21T19:34:27.820Z	2026-12-21T19:34:33.000Z	0	2026-12-21
cape-town-solstice	ordinary	2026-12-21	-33.9249	18.4241	120	mwl-angles-18-17	18	17	Hanafi	angle	angle	2026-12-21T01:47:18.920Z	2026-12-21T01:47:16.000Z	2026-12-21T10:44:20.450Z	2026-12-21T10:44:20.000Z	2026-12-21T15:45:15.507Z	2026-12-21T15:45:23.000Z	2026-12-21T17:56:51.518Z	2026-12-21T17:56:53.000Z	2026-12-21T19:34:27.820Z	2026-12-21T19:34:33.000Z	0	2026-12-21
london-winter	high-lat-existing	2026-12-21	51.5072	-0.1276	0	research-15	15	15	Standard	angle	angle	2026-12-21T06:19:30.325Z	2026-12-21T06:19:33.000Z	2026-12-21T11:58:34.394Z	2026-12-21T11:58:34.000Z	2026-12-21T13:37:32.655Z	2026-12-21T13:37:31.000Z	2026-12-21T15:53:28.024Z	2026-12-21T15:53:24.000Z	2026-12-21T17:37:36.702Z	2026-12-21T17:37:36.000Z	0	2026-12-21
london-winter	high-lat-existing	2026-12-21	51.5072	-0.1276	0	research-15	15	15	Hanafi	angle	angle	2026-12-21T06:19:30.325Z	2026-12-21T06:19:33.000Z	2026-12-21T11:58:34.394Z	2026-12-21T11:58:34.000Z	2026-12-21T14:07:08.189Z	2026-12-21T14:07:08.000Z	2026-12-21T15:53:28.024Z	2026-12-21T15:53:24.000Z	2026-12-21T17:37:36.702Z	2026-12-21T17:37:36.000Z	0	2026-12-21
london-winter	high-lat-existing	2026-12-21	51.5072	-0.1276	0	mwl-angles-18-17	18	17	Standard	angle	angle	2026-12-21T05:59:19.831Z	2026-12-21T05:59:22.000Z	2026-12-21T11:58:34.394Z	2026-12-21T11:58:34.000Z	2026-12-21T13:37:32.655Z	2026-12-21T13:37:31.000Z	2026-12-21T15:53:28.024Z	2026-12-21T15:53:24.000Z	2026-12-21T17:51:06.325Z	2026-12-21T17:51:06.000Z	0	2026-12-21
london-winter	high-lat-existing	2026-12-21	51.5072	-0.1276	0	mwl-angles-18-17	18	17	Hanafi	angle	angle	2026-12-21T05:59:19.831Z	2026-12-21T05:59:22.000Z	2026-12-21T11:58:34.394Z	2026-12-21T11:58:34.000Z	2026-12-21T14:07:08.189Z	2026-12-21T14:07:08.000Z	2026-12-21T15:53:28.024Z	2026-12-21T15:53:24.000Z	2026-12-21T17:51:06.325Z	2026-12-21T17:51:06.000Z	0	2026-12-21
london-summer	missing-twilight	2026-06-21	51.5072	-0.1276	60	research-15	15	15	Standard	angle	angle	2026-06-21T00:15:36.652Z	2026-06-21T00:15:18.000Z	2026-06-21T12:02:20.230Z	2026-06-21T12:02:20.000Z	2026-06-21T16:25:09.274Z	2026-06-21T16:25:13.000Z	2026-06-21T20:21:32.525Z	2026-06-21T20:21:35.000Z	2026-06-21T23:48:59.938Z	2026-06-21T23:49:15.000Z	0	2026-06-21
london-summer	missing-twilight	2026-06-21	51.5072	-0.1276	60	research-15	15	15	Hanafi	angle	angle	2026-06-21T00:15:36.652Z	2026-06-21T00:15:18.000Z	2026-06-21T12:02:20.230Z	2026-06-21T12:02:20.000Z	2026-06-21T17:39:53.009Z	2026-06-21T17:39:56.000Z	2026-06-21T20:21:32.525Z	2026-06-21T20:21:35.000Z	2026-06-21T23:48:59.938Z	2026-06-21T23:49:15.000Z	0	2026-06-21
london-summer	missing-twilight	2026-06-21	51.5072	-0.1276	60	mwl-angles-18-17	18	17	Standard	fallback	fallback	no_event	2026-06-21T00:02:13.000Z	2026-06-21T12:02:20.230Z	2026-06-21T12:02:20.000Z	2026-06-21T16:25:09.274Z	2026-06-21T16:25:13.000Z	2026-06-21T20:21:32.525Z	2026-06-21T20:21:35.000Z	no_event	2026-06-22T00:02:27.000Z	0	2026-06-21
london-summer	missing-twilight	2026-06-21	51.5072	-0.1276	60	mwl-angles-18-17	18	17	Hanafi	fallback	fallback	no_event	2026-06-21T00:02:13.000Z	2026-06-21T12:02:20.230Z	2026-06-21T12:02:20.000Z	2026-06-21T17:39:53.009Z	2026-06-21T17:39:56.000Z	2026-06-21T20:21:32.525Z	2026-06-21T20:21:35.000Z	no_event	2026-06-22T00:02:27.000Z	0	2026-06-21
tromso-winter	polar-night	2026-12-21	69.6492	18.9553	60	research-15	15	15	Standard	angle	angle	2026-12-21T06:05:50.004Z	2026-12-21T06:05:55.000Z	2026-12-21T10:42:12.918Z	2026-12-21T10:42:13.000Z	2026-12-21T11:13:58.286Z	2026-12-21T11:13:45.000Z	no_event	no_event	2026-12-21T15:18:33.206Z	2026-12-21T15:18:30.000Z	0	2026-12-21
tromso-winter	polar-night	2026-12-21	69.6492	18.9553	60	research-15	15	15	Hanafi	angle	angle	2026-12-21T06:05:50.004Z	2026-12-21T06:05:55.000Z	2026-12-21T10:42:12.918Z	2026-12-21T10:42:13.000Z	2026-12-21T11:28:29.201Z	2026-12-21T11:28:20.000Z	no_event	no_event	2026-12-21T15:18:33.206Z	2026-12-21T15:18:30.000Z	0	2026-12-21
tromso-winter	polar-night	2026-12-21	69.6492	18.9553	60	mwl-angles-18-17	18	17	Standard	angle	angle	2026-12-21T05:28:14.266Z	2026-12-21T05:28:18.000Z	2026-12-21T10:42:12.918Z	2026-12-21T10:42:13.000Z	2026-12-21T11:13:58.286Z	2026-12-21T11:13:45.000Z	no_event	no_event	2026-12-21T15:43:52.498Z	2026-12-21T15:43:50.000Z	0	2026-12-21
tromso-winter	polar-night	2026-12-21	69.6492	18.9553	60	mwl-angles-18-17	18	17	Hanafi	angle	angle	2026-12-21T05:28:14.266Z	2026-12-21T05:28:18.000Z	2026-12-21T10:42:12.918Z	2026-12-21T10:42:13.000Z	2026-12-21T11:28:29.201Z	2026-12-21T11:28:20.000Z	no_event	no_event	2026-12-21T15:43:52.498Z	2026-12-21T15:43:50.000Z	0	2026-12-21
kiritimati-date-line	date-line	2026-09-27	1.8721	-157.4278	840	research-15	15	15	Standard	angle	angle	2026-09-26T15:20:48.939Z	2026-09-26T15:21:07.000Z	2026-09-26T22:20:32.165Z	2026-09-26T22:20:53.000Z	2026-09-27T01:27:18.683Z	2026-09-27T01:26:06.000Z	2026-09-27T04:23:31.448Z	2026-09-27T04:23:55.000Z	2026-09-27T05:20:14.990Z	2026-09-27T05:20:36.000Z	-1	2026-09-26
kiritimati-date-line	date-line	2026-09-27	1.8721	-157.4278	840	research-15	15	15	Hanafi	angle	angle	2026-09-26T15:20:48.939Z	2026-09-26T15:21:07.000Z	2026-09-26T22:20:32.165Z	2026-09-26T22:20:53.000Z	2026-09-27T02:36:49.671Z	2026-09-27T02:36:33.000Z	2026-09-27T04:23:31.448Z	2026-09-27T04:23:55.000Z	2026-09-27T05:20:14.990Z	2026-09-27T05:20:36.000Z	-1	2026-09-26
kiritimati-date-line	date-line	2026-09-27	1.8721	-157.4278	840	mwl-angles-18-17	18	17	Standard	angle	angle	2026-09-26T15:08:48.361Z	2026-09-26T15:09:06.000Z	2026-09-26T22:20:32.165Z	2026-09-26T22:20:53.000Z	2026-09-27T01:27:18.683Z	2026-09-27T01:26:06.000Z	2026-09-27T04:23:31.448Z	2026-09-27T04:23:55.000Z	2026-09-27T05:28:15.424Z	2026-09-27T05:28:36.000Z	-1	2026-09-26
kiritimati-date-line	date-line	2026-09-27	1.8721	-157.4278	840	mwl-angles-18-17	18	17	Hanafi	angle	angle	2026-09-26T15:08:48.361Z	2026-09-26T15:09:06.000Z	2026-09-26T22:20:32.165Z	2026-09-26T22:20:53.000Z	2026-09-27T02:36:49.671Z	2026-09-27T02:36:33.000Z	2026-09-27T04:23:31.448Z	2026-09-27T04:23:55.000Z	2026-09-27T05:28:15.424Z	2026-09-27T05:28:36.000Z	-1	2026-09-26
