case_id	cohort	regime	local_date	latitude_deg	longitude_deg	utc_offset_minutes	coordinate_datum	observer_elevation_m	source_name	source_version	primary_url	primary_sha256	secondary_url	secondary_sha256	retrieved_date_utc	source_clock_basis	source_ephemeris_time_scale	source_event_definition	source_horizon_assumption	source_precision	rise_utc	transit_utc	set_utc	inclusion_reason
usno-2026-minneapolis-autumn	development	ordinary	2026-09-27	44.9778	-93.265	-300	unreported	unreported	USNO_rise_set_transit_API	4.0.1	https://aa.usno.navy.mil/api/rstt/oneday?date=2026-09-27&coords=44.9778%2C-93.265&tz=-5	daf49bc802d0a7ac29f6c31ff1effd409a67a678a5c89659f5216e29f5617718	-	-	2026-09-27	supplied_fixed_offset	unreported	USNO_API_Rise_Upper_Transit_Set_labels	unreported_in_API_response	minute_formatted	2026-09-27T12:06:00Z	2026-09-27T18:04:00Z	2026-09-28T00:01:00Z	Northern mid-latitude autumn and prior regression
usno-2026-makkah-equinox	development	ordinary	2026-03-20	21.4225	39.8262	180	unreported	unreported	USNO_rise_set_transit_API	4.0.1	https://aa.usno.navy.mil/api/rstt/oneday?date=2026-03-20&coords=21.4225%2C39.8262&tz=3	8e4bc275946fc0688b520f58205c2d116fb11e6f8d499c586f0cc7bceb1de0b3	-	-	2026-09-27	supplied_fixed_offset	unreported	USNO_API_Rise_Upper_Transit_Set_labels	unreported_in_API_response	minute_formatted	2026-03-20T03:25:00Z	2026-03-20T09:28:00Z	2026-03-20T15:32:00Z	Low latitude and March equinox regression
usno-2026-sydney-solstice	development	ordinary	2026-12-21	-33.8688	151.2093	660	unreported	unreported	USNO_rise_set_transit_API	4.0.1	https://aa.usno.navy.mil/api/rstt/oneday?date=2026-12-21&coords=-33.8688%2C151.2093&tz=11	500144e178eb60bdeca2cc9b4a91efbab5c93cb35c74660a3771c8545c6b455f	-	-	2026-09-27	supplied_fixed_offset	unreported	USNO_API_Rise_Upper_Transit_Set_labels	unreported_in_API_response	minute_formatted	2026-12-20T18:41:00Z	2026-12-21T01:53:00Z	2026-12-21T09:05:00Z	Southern summer solstice regression
usno-2026-tromso-summer	development	polar-no-event	2026-06-21	69.6492	18.9553	120	unreported	unreported	USNO_rise_set_transit_API	4.0.1	https://aa.usno.navy.mil/api/rstt/oneday?date=2026-06-21&coords=69.6492%2C18.9553&tz=2	bf379e28b67fe09bada4b91ea6be65d6af9ff6745084b5744cfb44988ba229ad	-	-	2026-09-27	supplied_fixed_offset	unreported	USNO_API_Rise_Upper_Transit_Set_labels	unreported_in_API_response	minute_formatted	no_event	2026-06-21T10:46:00Z	no_event	Arctic continuous daylight regression
usno-2026-kiritimati-dateline	development	date-line	2026-09-27	1.8721	-157.4278	840	unreported	unreported	USNO_rise_set_transit_API	4.0.1	https://aa.usno.navy.mil/api/rstt/oneday?date=2026-09-27&coords=1.8721%2C-157.4278&tz=14	7aa879f45e203c757de4fe89d6728f40236792da353ac117b99762e4b5ceca35	-	-	2026-09-27	supplied_fixed_offset	unreported	USNO_API_Rise_Upper_Transit_Set_labels	unreported_in_API_response	minute_formatted	2026-09-26T16:18:00Z	2026-09-26T22:21:00Z	2026-09-27T04:24:00Z	UTC date differs from selected local date
usno-2050-quito	development	boundary-year	2050-09-27	0.1807	-78.4678	-300	unreported	unreported	USNO_rise_set_transit_API	4.0.1	https://aa.usno.navy.mil/api/rstt/oneday?date=2050-09-27&coords=0.1807%2C-78.4678&tz=-5	d77ae63245c2c71cb5bec37b8bef354be9cc758b11756288a382bb8217f1df59	-	-	2026-09-27	supplied_fixed_offset	unreported	USNO_API_Rise_Upper_Transit_Set_labels	unreported_in_API_response	minute_formatted	2050-09-27T11:02:00Z	2050-09-27T17:05:00Z	2050-09-27T23:08:00Z	2050 equatorial sample regression
usno-2028-makkah-leap	development	leap-year	2028-02-29	21.4225	39.8262	180	unreported	unreported	USNO_rise_set_transit_API	4.0.1	https://aa.usno.navy.mil/api/rstt/oneday?date=2028-02-29&coords=21.4225%2C39.8262&tz=3	00ca039be4c529f599fb51792625a4b7201d26807079f96ac34148fe60cec538	-	-	2026-09-27	supplied_fixed_offset	unreported	USNO_API_Rise_Upper_Transit_Set_labels	unreported_in_API_response	minute_formatted	2028-02-29T03:42:00Z	2028-02-29T09:33:00Z	2028-02-29T15:25:00Z	Gregorian leap-day regression
usno-2026-6572-grazing	development	near-grazing	2026-06-21	65.72	0.0	0	unreported	unreported	USNO_rise_set_transit_API	4.0.1	https://aa.usno.navy.mil/api/rstt/oneday?date=2026-06-21&coords=65.72%2C0.0&tz=0	a01cc4e8c5636626d657b0c82c1d737fe8c7a1ede1ea0522463bc5f529980d8b	-	-	2026-09-27	supplied_fixed_offset	unreported	USNO_API_Rise_Upper_Transit_Set_labels	unreported_in_API_response	minute_formatted	2026-06-21T00:10:00Z	2026-06-21T12:02:00Z	2026-06-21T23:53:00Z	Brief near-midnight horizon crossings
usno-2026-65735-grazing-disagreement	development	near-grazing	2026-06-21	65.735	0.0	0	unreported	unreported	USNO_rise_set_transit_API	4.0.1	https://aa.usno.navy.mil/api/rstt/oneday?date=2026-06-21&coords=65.735%2C0.0&tz=0	dda5f47c7d44f325fd6ca6bc9518dc393c41f20dcb0497170799bb05970239f2	-	-	2026-09-27	supplied_fixed_offset	unreported	USNO_API_Rise_Upper_Transit_Set_labels	unreported_in_API_response	minute_formatted	2026-06-21T00:04:00Z	2026-06-21T12:02:00Z	2026-06-21T23:59:00Z	Known USNO versus fixed-horizon event-existence disagreement; source also lists 00:00 Set from previous solar cycle
usno-2026-6574-continuous	development	polar-no-event	2026-06-21	65.74	0.0	0	unreported	unreported	USNO_rise_set_transit_API	4.0.1	https://aa.usno.navy.mil/api/rstt/oneday?date=2026-06-21&coords=65.74%2C0.0&tz=0	f2030605ee10b81c4140d4d97541f7fe83a6f4790a4ddd2598a91a3a20caac81	-	-	2026-09-27	supplied_fixed_offset	unreported	USNO_API_Rise_Upper_Transit_Set_labels	unreported_in_API_response	minute_formatted	no_event	2026-06-21T12:02:00Z	no_event	Continuous-daylight side of grazing boundary
usno-1900-sydney	development	boundary-year	1900-12-21	-33.8688	151.2093	600	unreported	unreported	USNO_rise_set_transit_API	4.0.1	https://aa.usno.navy.mil/api/rstt/oneday?date=1900-12-21&coords=-33.8688%2C151.2093&tz=10	e042ca75863ddcc078498dc8863cd132d2e6524fb90e42550319278c9a1e37c1	-	-	2026-09-27	supplied_fixed_offset	unreported	USNO_API_Rise_Upper_Transit_Set_labels	unreported_in_API_response	minute_formatted	1900-12-20T18:41:00Z	1900-12-21T01:53:00Z	1900-12-21T09:06:00Z	Lower supported year regression
usno-2100-london	development	boundary-year	2100-06-21	51.5072	-0.1276	0	unreported	unreported	USNO_rise_set_transit_API	4.0.1	https://aa.usno.navy.mil/api/rstt/oneday?date=2100-06-21&coords=51.5072%2C-0.1276&tz=0	51642d094d393557f5f346b0a29c4fd285f720f85523d8dffa6699a8b2927ad6	-	-	2026-09-27	supplied_fixed_offset	unreported	USNO_API_Rise_Upper_Transit_Set_labels	unreported_in_API_response	minute_formatted	2100-06-21T03:43:00Z	2100-06-21T12:03:00Z	2100-06-21T20:22:00Z	Upper supported year regression
usno-2026-nairobi-equinox	holdout	ordinary	2026-03-20	-1.2864	36.8172	180	unreported	unreported	USNO_rise_set_transit_API	4.0.1	https://aa.usno.navy.mil/api/rstt/oneday?date=2026-03-20&coords=-1.2864%2C36.8172&tz=3	ffa0ca13a5c29aa119faa7940901763ca1437dbffc90f096f646ff88024a5ce0	-	-	2026-09-27	supplied_fixed_offset	unreported	USNO_API_Rise_Upper_Transit_Set_labels	unreported_in_API_response	minute_formatted	2026-03-20T03:37:00Z	2026-03-20T09:40:00Z	2026-03-20T15:43:00Z	Southern equatorial March equinox holdout
usno-2026-buenos-aires-solstice	holdout	ordinary	2026-12-21	-34.6037	-58.3816	-180	unreported	unreported	USNO_rise_set_transit_API	4.0.1	https://aa.usno.navy.mil/api/rstt/oneday?date=2026-12-21&coords=-34.6037%2C-58.3816&tz=-3	ecd1c9a283d608fe1c5aa3550947666ebef4d1459891cfd1b0a4e1115cfccceb	-	-	2026-09-27	supplied_fixed_offset	unreported	USNO_API_Rise_Upper_Transit_Set_labels	unreported_in_API_response	minute_formatted	2026-12-21T08:37:00Z	2026-12-21T15:52:00Z	2026-12-21T23:06:00Z	Southern summer in western hemisphere holdout
usno-2026-anchorage-summer	holdout	high-lat-existing	2026-06-21	61.2181	-149.9003	-480	unreported	unreported	USNO_rise_set_transit_API	4.0.1	https://aa.usno.navy.mil/api/rstt/oneday?date=2026-06-21&coords=61.2181%2C-149.9003&tz=-8	fe05116d761cd3e7bdd26426a3341d045efd681c6360434ceb782d1590bd76c3	-	-	2026-09-27	supplied_fixed_offset	unreported	USNO_API_Rise_Upper_Transit_Set_labels	unreported_in_API_response	minute_formatted	2026-06-21T12:20:00Z	2026-06-21T22:02:00Z	2026-06-22T07:43:00Z	Northern high-latitude existing events holdout
usno-2026-tromso-winter	holdout	polar-no-event	2026-12-21	69.6492	18.9553	60	unreported	unreported	USNO_rise_set_transit_API	4.0.1	https://aa.usno.navy.mil/api/rstt/oneday?date=2026-12-21&coords=69.6492%2C18.9553&tz=1	b3b07f498e0f4928b5d1c41b4ff2b0dfc1417c89bf61f9713e71d28bfdf450cc	-	-	2026-09-27	supplied_fixed_offset	unreported	USNO_API_Rise_Upper_Transit_Set_labels	unreported_in_API_response	minute_formatted	no_event	unreported	no_event	Arctic winter no-rise/no-set holdout
usno-2026-apia-dateline	holdout	date-line	2026-09-27	-13.8333	-171.75	780	unreported	unreported	USNO_rise_set_transit_API	4.0.1	https://aa.usno.navy.mil/api/rstt/oneday?date=2026-09-27&coords=-13.8333%2C-171.75&tz=13	d9ae6180b3b0651a5b77ef1ef26a73c8d16b2db46f5fa409c6f865eccfe54112	-	-	2026-09-27	supplied_fixed_offset	unreported	USNO_API_Rise_Upper_Transit_Set_labels	unreported_in_API_response	minute_formatted	2026-09-26T17:13:00Z	2026-09-26T23:18:00Z	2026-09-27T05:23:00Z	Western longitude and eastern civil date-line offset holdout
usno-2026-reykjavik-summer	holdout	high-lat-existing	2026-06-21	64.1466	-21.9426	0	unreported	unreported	USNO_rise_set_transit_API	4.0.1	https://aa.usno.navy.mil/api/rstt/oneday?date=2026-06-21&coords=64.1466%2C-21.9426&tz=0	131b3dbe6fb538519d12c8d50c133cdc4c8d545ad8bac2e371edfe924db3bde7	https://aa.usno.navy.mil/api/rstt/oneday?date=2026-06-22&coords=64.1466,-21.9426&tz=0	9f9a04382745444085c2dbfaba83329a523244c9ce6ba2ba61f404f30e060134	2026-09-27	supplied_fixed_offset	unreported	USNO_API_Rise_Upper_Transit_Set_labels	unreported_in_API_response	minute_formatted	2026-06-21T02:55:00Z	2026-06-21T13:30:00Z	2026-06-22T00:04:00Z	High-latitude existing near-midnight events holdout; sunset taken from next civil-day response
usno-2026-pago-pago-dateline	holdout	date-line	2026-09-27	-14.2756	-170.702	-660	unreported	unreported	USNO_rise_set_transit_API	4.0.1	https://aa.usno.navy.mil/api/rstt/oneday?date=2026-09-27&coords=-14.2756%2C-170.702&tz=-11	f2d807266ba9420f8c93c01af2aee5043f985f28392abf23be7ea1d42f979c52	-	-	2026-09-27	supplied_fixed_offset	unreported	USNO_API_Rise_Upper_Transit_Set_labels	unreported_in_API_response	minute_formatted	2026-09-27T17:08:00Z	2026-09-27T23:14:00Z	2026-09-28T05:19:00Z	UTC-11 side of the date line beside Samoa UTC+13
